Date_reported,Country_code,Country,WHO_region,New_cases,Cumulative_cases,New_deaths,Cumulative_deaths,,epi_date_start,epi_date_end,epi_week,New_cases_epiweek
1/4/2021,SG,Singapore,WPRO,24,58721,0,29,,1/4/2021,1/10/2021,1,210
1/5/2021,SG,Singapore,WPRO,28,58749,0,29,,1/11/2021,1/17/2021,2,206
1/6/2021,SG,Singapore,WPRO,31,58780,0,29,,1/18/2021,1/24/2021,3,195
1/7/2021,SG,Singapore,WPRO,33,58813,0,29,,1/25/2021,1/31/2021,4,228
1/8/2021,SG,Singapore,WPRO,23,58836,0,29,,2/1/2021,2/7/2021,5,163
1/9/2021,SG,Singapore,WPRO,29,58865,0,29,,2/8/2021,2/14/2021,6,101
1/10/2021,SG,Singapore,WPRO,42,58907,0,29,,2/15/2021,2/21/2021,7,69
1/11/2021,SG,Singapore,WPRO,22,58929,0,29,,2/22/2021,2/28/2021,8,67
1/12/2021,SG,Singapore,WPRO,17,58946,0,29,,3/1/2021,3/7/2021,9,97
1/13/2021,SG,Singapore,WPRO,38,58984,0,29,,3/8/2021,3/14/2021,10,72
1/14/2021,SG,Singapore,WPRO,45,59029,0,29,,3/15/2021,3/21/2021,11,91
1/15/2021,SG,Singapore,WPRO,30,59059,0,29,,3/22/2021,3/28/2021,12,104
1/16/2021,SG,Singapore,WPRO,24,59083,0,29,,3/29/2021,4/4/2021,13,178
1/17/2021,SG,Singapore,WPRO,30,59113,0,29,,4/5/2021,4/11/2021,14,175
1/18/2021,SG,Singapore,WPRO,14,59127,0,29,,4/12/2021,4/18/2021,15,178
1/19/2021,SG,Singapore,WPRO,30,59157,0,29,,4/19/2021,4/25/2021,16,175
1/20/2021,SG,Singapore,WPRO,40,59197,0,29,,4/26/2021,5/2/2021,17,212
1/21/2021,SG,Singapore,WPRO,38,59235,0,29,,5/3/2021,5/9/2021,18,141
1/22/2021,SG,Singapore,WPRO,15,59250,0,29,,5/10/2021,5/16/2021,19,226
1/23/2021,SG,Singapore,WPRO,10,59260,0,29,,5/17/2021,5/23/2021,20,239
1/24/2021,SG,Singapore,WPRO,48,59308,0,29,,5/24/2021,5/30/2021,21,204
1/25/2021,SG,Singapore,WPRO,44,59352,0,29,,5/31/2021,6/6/2021,22,168
1/26/2021,SG,Singapore,WPRO,14,59366,0,29,,6/7/2021,6/13/2021,23,80
1/27/2021,SG,Singapore,WPRO,25,59391,0,29,,6/14/2021,6/20/2021,24,138
1/28/2021,SG,Singapore,WPRO,34,59425,0,29,,6/21/2021,6/27/2021,25,130
1/29/2021,SG,Singapore,WPRO,24,59449,0,29,,6/28/2021,7/4/2021,26,73
1/30/2021,SG,Singapore,WPRO,58,59507,0,29,,7/5/2021,7/11/2021,27,75
1/31/2021,SG,Singapore,WPRO,29,59536,0,29,,7/12/2021,7/18/2021,28,381
2/1/2021,SG,Singapore,WPRO,29,59565,0,29,,7/19/2021,7/25/2021,29,1106
2/2/2021,SG,Singapore,WPRO,19,59584,0,29,,7/26/2021,8/1/2021,30,923
2/3/2021,SG,Singapore,WPRO,18,59602,0,29,,8/2/2021,8/8/2021,31,662
2/4/2021,SG,Singapore,WPRO,22,59624,-29,0,,8/9/2021,8/15/2021,32,408
2/5/2021,SG,Singapore,WPRO,25,59649,0,0,,8/16/2021,8/22/2021,33,306
2/6/2021,SG,Singapore,WPRO,26,59675,0,0,,8/23/2021,8/29/2021,34,826
2/7/2021,SG,Singapore,WPRO,24,59699,0,0,,8/30/2021,9/5/2021,35,1356
2/8/2021,SG,Singapore,WPRO,22,59721,0,0,,9/6/2021,9/12/2021,36,3027
2/9/2021,SG,Singapore,WPRO,11,59732,0,0,,9/13/2021,9/19/2021,37,6117
2/10/2021,SG,Singapore,WPRO,15,59747,0,0,,9/20/2021,9/26/2021,38,10088
2/11/2021,SG,Singapore,WPRO,12,59759,0,0,,9/27/2021,10/3/2021,39,15951
2/12/2021,SG,Singapore,WPRO,18,59777,0,0,,10/4/2021,10/10/2021,40,23123
2/13/2021,SG,Singapore,WPRO,9,59786,0,0,,10/11/2021,10/17/2021,41,21212
2/14/2021,SG,Singapore,WPRO,14,59800,0,0,,10/18/2021,10/24/2021,42,24466
2/15/2021,SG,Singapore,WPRO,9,59809,0,0,,10/25/2021,10/31/2021,43,25730
2/16/2021,SG,Singapore,WPRO,1,59810,0,0,,11/1/2021,11/7/2021,44,19959
2/17/2021,SG,Singapore,WPRO,11,59821,0,0,,11/8/2021,11/14/2021,45,18870
2/18/2021,SG,Singapore,WPRO,11,59832,0,0,,11/15/2021,11/21/2021,46,14985
2/19/2021,SG,Singapore,WPRO,14,59846,0,0,,11/22/2021,11/28/2021,47,10195
2/20/2021,SG,Singapore,WPRO,12,59858,0,0,,11/29/2021,12/5/2021,48,6828
2/21/2021,SG,Singapore,WPRO,11,59869,0,0,,12/6/2021,12/12/2021,49,4151
2/22/2021,SG,Singapore,WPRO,10,59879,0,0,,12/13/2021,12/19/2021,50,2548
2/23/2021,SG,Singapore,WPRO,4,59883,0,0,,12/20/2021,12/26/2021,51,1854
2/24/2021,SG,Singapore,WPRO,7,59890,0,0,,12/27/2021,1/2/2022,52,2526
2/25/2021,SG,Singapore,WPRO,10,59900,0,0,,1/3/2022,1/9/2022,1,5357
2/26/2021,SG,Singapore,WPRO,13,59913,0,0,,1/10/2022,1/16/2022,2,6202
2/27/2021,SG,Singapore,WPRO,12,59925,0,0,,1/17/2022,1/23/2022,3,21923
2/28/2021,SG,Singapore,WPRO,11,59936,0,0,,1/24/2022,1/30/2022,4,34558
3/1/2021,SG,Singapore,WPRO,12,59948,0,0,,1/31/2022,2/6/2022,5,49493
3/2/2021,SG,Singapore,WPRO,8,59956,0,0,,2/7/2022,2/13/2022,6,71672
3/3/2021,SG,Singapore,WPRO,23,59979,0,0,,2/14/2022,2/20/2022,7,113143
3/4/2021,SG,Singapore,WPRO,19,59998,0,0,,2/21/2022,2/27/2022,8,128242
3/5/2021,SG,Singapore,WPRO,9,60007,0,0,,2/28/2022,3/6/2022,9,121941
3/6/2021,SG,Singapore,WPRO,13,60020,0,0,,3/7/2022,3/13/2022,10,106615
3/7/2021,SG,Singapore,WPRO,13,60033,0,0,,3/14/2022,3/20/2022,11,75581
3/8/2021,SG,Singapore,WPRO,13,60046,0,0,,3/21/2022,3/27/2022,12,56988
3/9/2021,SG,Singapore,WPRO,6,60052,0,0,,3/28/2022,4/3/2022,13,37739
3/10/2021,SG,Singapore,WPRO,10,60062,0,0,,4/4/2022,4/10/2022,14,28257
3/11/2021,SG,Singapore,WPRO,8,60070,0,0,,4/11/2022,4/17/2022,15,22299
3/12/2021,SG,Singapore,WPRO,10,60080,0,0,,4/18/2022,4/24/2022,16,21868
3/13/2021,SG,Singapore,WPRO,8,60088,0,0,,4/25/2022,5/1/2022,17,17472
3/14/2021,SG,Singapore,WPRO,17,60105,0,0,,5/2/2022,5/8/2022,18,18282
3/15/2021,SG,Singapore,WPRO,12,60117,0,0,,5/9/2022,5/15/2022,19,24962
3/16/2021,SG,Singapore,WPRO,11,60128,0,0,,5/16/2022,5/22/2022,20,26751
3/17/2021,SG,Singapore,WPRO,9,60137,0,0,,5/23/2022,5/29/2022,21,26285
3/18/2021,SG,Singapore,WPRO,15,60152,0,0,,5/30/2022,6/5/2022,22,23064
3/19/2021,SG,Singapore,WPRO,15,60167,0,0,,6/6/2022,6/12/2022,23,22272
3/20/2021,SG,Singapore,WPRO,17,60184,0,0,,6/13/2022,6/19/2022,24,26505
3/21/2021,SG,Singapore,WPRO,12,60196,0,0,,6/20/2022,6/26/2022,25,40597
3/22/2021,SG,Singapore,WPRO,12,60208,0,0,,6/27/2022,7/3/2022,26,52749
3/23/2021,SG,Singapore,WPRO,13,60221,0,0,,7/4/2022,7/10/2022,27,62774
3/24/2021,SG,Singapore,WPRO,15,60236,0,0,,7/11/2022,7/17/2022,28,65218
3/25/2021,SG,Singapore,WPRO,17,60253,0,0,,7/18/2022,7/24/2022,29,63882
3/26/2021,SG,Singapore,WPRO,12,60265,0,0,,7/25/2022,7/31/2022,30,55969
3/27/2021,SG,Singapore,WPRO,23,60288,0,0,,8/1/2022,8/7/2022,31,45827
3/28/2021,SG,Singapore,WPRO,12,60300,0,0,,8/8/2022,8/14/2022,32,36269
3/29/2021,SG,Singapore,WPRO,21,60321,0,0,,8/15/2022,8/21/2022,33,23871
3/30/2021,SG,Singapore,WPRO,26,60347,0,0,,8/22/2022,8/28/2022,34,16415
3/31/2021,SG,Singapore,WPRO,34,60381,0,0,,8/29/2022,9/4/2022,35,13453
4/1/2021,SG,Singapore,WPRO,26,60407,0,0,,9/5/2022,9/11/2022,36,13712
4/2/2021,SG,Singapore,WPRO,43,60450,0,0,,9/12/2022,9/18/2022,37,14793
4/3/2021,SG,Singapore,WPRO,18,60468,0,0,,9/19/2022,9/25/2022,38,16254
4/4/2021,SG,Singapore,WPRO,10,60478,0,0,,9/26/2022,10/2/2022,39,21873
4/5/2021,SG,Singapore,WPRO,17,60495,0,0,,10/3/2022,10/9/2022,40,36985
4/6/2021,SG,Singapore,WPRO,24,60519,0,0,,10/10/2022,10/16/2022,41,57482
4/7/2021,SG,Singapore,WPRO,35,60554,0,0,,10/17/2022,10/23/2022,42,53825
4/8/2021,SG,Singapore,WPRO,21,60575,0,0,,10/24/2022,10/30/2022,43,36811
4/9/2021,SG,Singapore,WPRO,26,60601,0,0,,10/31/2022,11/6/2022,44,24915
4/10/2021,SG,Singapore,WPRO,32,60633,0,0,,11/7/2022,11/13/2022,45,16441
4/11/2021,SG,Singapore,WPRO,20,60653,0,0,,11/14/2022,11/20/2022,46,10918
4/12/2021,SG,Singapore,WPRO,25,60678,0,0,,11/21/2022,11/27/2022,47,13800
4/13/2021,SG,Singapore,WPRO,14,60692,0,0,,11/28/2022,12/4/2022,48,8795
4/14/2021,SG,Singapore,WPRO,27,60719,0,0,,12/5/2022,12/11/2022,49,8366
4/15/2021,SG,Singapore,WPRO,16,60735,0,0,,12/12/2022,12/18/2022,50,8654
4/16/2021,SG,Singapore,WPRO,34,60769,0,0,,12/19/2022,12/25/2022,51,5481
4/17/2021,SG,Singapore,WPRO,39,60808,0,0,,12/26/2022,1/1/2023,52,8324
4/18/2021,SG,Singapore,WPRO,23,60831,0,0,,1/2/2023,1/8/2023,1,5456
4/19/2021,SG,Singapore,WPRO,20,60851,0,0,,1/9/2023,1/15/2023,2,3876
4/20/2021,SG,Singapore,WPRO,14,60865,0,0,,1/16/2023,1/22/2023,3,2518
4/21/2021,SG,Singapore,WPRO,15,60880,0,0,,1/23/2023,1/29/2023,4,1825
4/22/2021,SG,Singapore,WPRO,24,60904,0,0,,1/30/2023,2/5/2023,5,2992
4/23/2021,SG,Singapore,WPRO,39,60943,0,0,,2/6/2023,2/12/2023,6,2881
4/24/2021,SG,Singapore,WPRO,23,60966,0,0,,,,,
4/25/2021,SG,Singapore,WPRO,40,61006,0,0,,,,,
4/26/2021,SG,Singapore,WPRO,45,61051,0,0,,,,,
4/27/2021,SG,Singapore,WPRO,12,61063,0,0,,,,,
4/28/2021,SG,Singapore,WPRO,23,61086,0,0,,,,,
4/29/2021,SG,Singapore,WPRO,35,61121,30,30,,,,,
4/30/2021,SG,Singapore,WPRO,24,61145,0,30,,,,,
5/1/2021,SG,Singapore,WPRO,34,61179,0,30,,,,,
5/2/2021,SG,Singapore,WPRO,39,61218,1,31,,,,,
5/3/2021,SG,Singapore,WPRO,17,61235,0,31,,,,,
5/4/2021,SG,Singapore,WPRO,17,61252,0,31,,,,,
5/5/2021,SG,Singapore,WPRO,16,61268,0,31,,,,,
5/6/2021,SG,Singapore,WPRO,18,61286,0,31,,,,,
5/7/2021,SG,Singapore,WPRO,25,61311,0,31,,,,,
5/8/2021,SG,Singapore,WPRO,20,61331,0,31,,,,,
5/9/2021,SG,Singapore,WPRO,28,61359,0,31,,,,,
5/10/2021,SG,Singapore,WPRO,19,61378,0,31,,,,,
5/11/2021,SG,Singapore,WPRO,25,61403,0,31,,,,,
5/12/2021,SG,Singapore,WPRO,16,61419,0,31,,,,,
5/13/2021,SG,Singapore,WPRO,34,61453,0,31,,,,,
5/14/2021,SG,Singapore,WPRO,52,61505,0,31,,,,,
5/15/2021,SG,Singapore,WPRO,31,61536,0,31,,,,,
5/16/2021,SG,Singapore,WPRO,49,61585,0,31,,,,,
5/17/2021,SG,Singapore,WPRO,28,61613,0,31,,,,,
5/18/2021,SG,Singapore,WPRO,38,61651,0,31,,,,,
5/19/2021,SG,Singapore,WPRO,38,61689,0,31,,,,,
5/20/2021,SG,Singapore,WPRO,41,61730,1,32,,,,,
5/21/2021,SG,Singapore,WPRO,40,61770,0,32,,,,,
5/22/2021,SG,Singapore,WPRO,29,61799,0,32,,,,,
5/23/2021,SG,Singapore,WPRO,25,61824,0,32,,,,,
5/24/2021,SG,Singapore,WPRO,36,61860,0,32,,,,,
5/25/2021,SG,Singapore,WPRO,30,61890,0,32,,,,,
5/26/2021,SG,Singapore,WPRO,26,61916,0,32,,,,,
5/27/2021,SG,Singapore,WPRO,24,61940,0,32,,,,,
5/28/2021,SG,Singapore,WPRO,30,61970,0,32,,,,,
5/29/2021,SG,Singapore,WPRO,33,62003,0,32,,,,,
5/30/2021,SG,Singapore,WPRO,25,62028,1,33,,,,,
5/31/2021,SG,Singapore,WPRO,23,62051,0,33,,,,,
6/1/2021,SG,Singapore,WPRO,18,62069,0,33,,,,,
6/2/2021,SG,Singapore,WPRO,31,62100,0,33,,,,,
6/3/2021,SG,Singapore,WPRO,45,62145,0,33,,,,,
6/4/2021,SG,Singapore,WPRO,13,62158,0,33,,,,,
6/5/2021,SG,Singapore,WPRO,18,62176,0,33,,,,,
6/6/2021,SG,Singapore,WPRO,20,62196,0,33,,,,,
6/7/2021,SG,Singapore,WPRO,14,62210,0,33,,,,,
6/8/2021,SG,Singapore,WPRO,9,62219,1,34,,,,,
6/9/2021,SG,Singapore,WPRO,4,62223,0,34,,,,,
6/10/2021,SG,Singapore,WPRO,13,62236,0,34,,,,,
6/11/2021,SG,Singapore,WPRO,9,62245,0,34,,,,,
6/12/2021,SG,Singapore,WPRO,18,62263,0,34,,,,,
6/13/2021,SG,Singapore,WPRO,13,62276,0,34,,,,,
6/14/2021,SG,Singapore,WPRO,25,62301,0,34,,,,,
6/15/2021,SG,Singapore,WPRO,14,62315,0,34,,,,,
6/16/2021,SG,Singapore,WPRO,24,62339,0,34,,,,,
6/17/2021,SG,Singapore,WPRO,27,62366,0,34,,,,,
6/18/2021,SG,Singapore,WPRO,16,62382,0,34,,,,,
6/19/2021,SG,Singapore,WPRO,21,62403,0,34,,,,,
6/20/2021,SG,Singapore,WPRO,11,62414,0,34,,,,,
6/21/2021,SG,Singapore,WPRO,16,62430,1,35,,,,,
6/22/2021,SG,Singapore,WPRO,18,62448,0,35,,,,,
6/23/2021,SG,Singapore,WPRO,22,62470,0,35,,,,,
6/24/2021,SG,Singapore,WPRO,23,62493,0,35,,,,,
6/25/2021,SG,Singapore,WPRO,20,62513,0,35,,,,,
6/26/2021,SG,Singapore,WPRO,17,62530,1,36,,,,,
6/27/2021,SG,Singapore,WPRO,14,62544,0,36,,,,,
6/28/2021,SG,Singapore,WPRO,9,62553,0,36,,,,,
6/29/2021,SG,Singapore,WPRO,10,62563,0,36,,,,,
6/30/2021,SG,Singapore,WPRO,16,62579,0,36,,,,,
7/1/2021,SG,Singapore,WPRO,10,62589,0,36,,,,,
7/2/2021,SG,Singapore,WPRO,10,62599,0,36,,,,,
7/3/2021,SG,Singapore,WPRO,7,62606,0,36,,,,,
7/4/2021,SG,Singapore,WPRO,11,62617,0,36,,,,,
7/5/2021,SG,Singapore,WPRO,13,62630,0,36,,,,,
7/6/2021,SG,Singapore,WPRO,10,62640,0,36,,,,,
7/7/2021,SG,Singapore,WPRO,12,62652,0,36,,,,,
7/8/2021,SG,Singapore,WPRO,16,62668,0,36,,,,,
7/9/2021,SG,Singapore,WPRO,10,62678,0,36,,,,,
7/10/2021,SG,Singapore,WPRO,6,62684,0,36,,,,,
7/11/2021,SG,Singapore,WPRO,8,62692,0,36,,,,,
7/12/2021,SG,Singapore,WPRO,26,62718,0,36,,,,,
7/13/2021,SG,Singapore,WPRO,26,62744,0,36,,,,,
7/14/2021,SG,Singapore,WPRO,60,62804,0,36,,,,,
7/15/2021,SG,Singapore,WPRO,48,62852,0,36,,,,,
7/16/2021,SG,Singapore,WPRO,61,62913,0,36,,,,,
7/17/2021,SG,Singapore,WPRO,68,62981,0,36,,,,,
7/18/2021,SG,Singapore,WPRO,92,63073,0,36,,,,,
7/19/2021,SG,Singapore,WPRO,172,63245,0,36,,,,,
7/20/2021,SG,Singapore,WPRO,195,63440,0,36,,,,,
7/21/2021,SG,Singapore,WPRO,181,63621,0,36,,,,,
7/22/2021,SG,Singapore,WPRO,170,63791,0,36,,,,,
7/23/2021,SG,Singapore,WPRO,133,63924,0,36,,,,,
7/24/2021,SG,Singapore,WPRO,130,64054,1,37,,,,,
7/25/2021,SG,Singapore,WPRO,125,64179,0,37,,,,,
7/26/2021,SG,Singapore,WPRO,135,64314,0,37,,,,,
7/27/2021,SG,Singapore,WPRO,139,64453,0,37,,,,,
7/28/2021,SG,Singapore,WPRO,136,64589,0,37,,,,,
7/29/2021,SG,Singapore,WPRO,133,64722,0,37,,,,,
7/30/2021,SG,Singapore,WPRO,139,64861,0,37,,,,,
7/31/2021,SG,Singapore,WPRO,120,64981,0,37,,,,,
8/1/2021,SG,Singapore,WPRO,121,65102,0,37,,,,,
8/2/2021,SG,Singapore,WPRO,111,65213,1,38,,,,,
8/3/2021,SG,Singapore,WPRO,102,65315,0,38,,,,,
8/4/2021,SG,Singapore,WPRO,95,65410,1,39,,,,,
8/5/2021,SG,Singapore,WPRO,98,65508,1,40,,,,,
8/6/2021,SG,Singapore,WPRO,97,65605,1,41,,,,,
8/7/2021,SG,Singapore,WPRO,81,65686,1,42,,,,,
8/8/2021,SG,Singapore,WPRO,78,65764,0,42,,,,,
8/9/2021,SG,Singapore,WPRO,72,65836,0,42,,,,,
8/10/2021,SG,Singapore,WPRO,54,65890,0,42,,,,,
8/11/2021,SG,Singapore,WPRO,63,65953,0,42,,,,,
8/12/2021,SG,Singapore,WPRO,59,66012,1,43,,,,,
8/13/2021,SG,Singapore,WPRO,49,66061,1,44,,,,,
8/14/2021,SG,Singapore,WPRO,58,66119,0,44,,,,,
8/15/2021,SG,Singapore,WPRO,53,66172,0,44,,,,,
8/16/2021,SG,Singapore,WPRO,53,66225,0,44,,,,,
8/17/2021,SG,Singapore,WPRO,56,66281,1,45,,,,,
8/18/2021,SG,Singapore,WPRO,53,66334,1,46,,,,,
8/19/2021,SG,Singapore,WPRO,32,66366,0,46,,,,,
8/20/2021,SG,Singapore,WPRO,40,66406,1,47,,,,,
8/21/2021,SG,Singapore,WPRO,37,66443,0,47,,,,,
8/22/2021,SG,Singapore,WPRO,35,66478,2,49,,,,,
8/23/2021,SG,Singapore,WPRO,98,66576,1,50,,,,,
8/24/2021,SG,Singapore,WPRO,116,66692,0,50,,,,,
8/25/2021,SG,Singapore,WPRO,120,66812,2,52,,,,,
8/26/2021,SG,Singapore,WPRO,116,66928,0,52,,,,,
8/27/2021,SG,Singapore,WPRO,122,67050,0,52,,,,,
8/28/2021,SG,Singapore,WPRO,121,67171,3,55,,,,,
8/29/2021,SG,Singapore,WPRO,133,67304,0,55,,,,,
8/30/2021,SG,Singapore,WPRO,155,67459,0,55,,,,,
8/31/2021,SG,Singapore,WPRO,161,67620,0,55,,,,,
9/1/2021,SG,Singapore,WPRO,180,67800,0,55,,,,,
9/2/2021,SG,Singapore,WPRO,191,67991,0,55,,,,,
9/3/2021,SG,Singapore,WPRO,219,68210,0,55,,,,,
9/4/2021,SG,Singapore,WPRO,259,68469,0,55,,,,,
9/5/2021,SG,Singapore,WPRO,191,68660,0,55,,,,,
9/6/2021,SG,Singapore,WPRO,241,68901,0,55,,,,,
9/7/2021,SG,Singapore,WPRO,332,69233,0,55,,,,,
9/8/2021,SG,Singapore,WPRO,349,69582,1,56,,,,,
9/9/2021,SG,Singapore,WPRO,457,70039,1,57,,,,,
9/10/2021,SG,Singapore,WPRO,573,70612,1,58,,,,,
9/11/2021,SG,Singapore,WPRO,555,71167,0,58,,,,,
9/12/2021,SG,Singapore,WPRO,520,71687,0,58,,,,,
9/13/2021,SG,Singapore,WPRO,607,72294,0,58,,,,,
9/14/2021,SG,Singapore,WPRO,837,73131,0,58,,,,,
9/15/2021,SG,Singapore,WPRO,807,73938,0,58,,,,,
9/16/2021,SG,Singapore,WPRO,910,74848,1,59,,,,,
9/17/2021,SG,Singapore,WPRO,935,75783,0,59,,,,,
9/18/2021,SG,Singapore,WPRO,1009,76792,1,60,,,,,
9/19/2021,SG,Singapore,WPRO,1012,77804,0,60,,,,,
9/20/2021,SG,Singapore,WPRO,917,78721,0,60,,,,,
9/21/2021,SG,Singapore,WPRO,1178,79899,5,65,,,,,
9/22/2021,SG,Singapore,WPRO,1457,81356,3,68,,,,,
9/23/2021,SG,Singapore,WPRO,1504,82860,5,73,,,,,
9/24/2021,SG,Singapore,WPRO,1650,84510,0,73,,,,,
9/25/2021,SG,Singapore,WPRO,1443,85953,3,76,,,,,
9/26/2021,SG,Singapore,WPRO,1939,87892,2,78,,,,,
9/27/2021,SG,Singapore,WPRO,1647,89539,2,80,,,,,
9/28/2021,SG,Singapore,WPRO,2236,91775,5,85,,,,,
9/29/2021,SG,Singapore,WPRO,2268,94043,8,93,,,,,
9/30/2021,SG,Singapore,WPRO,2478,96521,2,95,,,,,
10/1/2021,SG,Singapore,WPRO,2909,99430,8,103,,,,,
10/2/2021,SG,Singapore,WPRO,2356,101786,4,107,,,,,
10/3/2021,SG,Singapore,WPRO,2057,103843,6,113,,,,,
10/4/2021,SG,Singapore,WPRO,2475,106318,8,121,,,,,
10/5/2021,SG,Singapore,WPRO,3486,109804,9,130,,,,,
10/6/2021,SG,Singapore,WPRO,3577,113381,3,133,,,,,
10/7/2021,SG,Singapore,WPRO,3483,116864,3,136,,,,,
10/8/2021,SG,Singapore,WPRO,3590,120454,6,142,,,,,
10/9/2021,SG,Singapore,WPRO,3703,124157,11,153,,,,,
10/10/2021,SG,Singapore,WPRO,2809,126966,9,162,,,,,
10/11/2021,SG,Singapore,WPRO,2263,129229,10,172,,,,,
10/12/2021,SG,Singapore,WPRO,2976,132205,11,183,,,,,
10/13/2021,SG,Singapore,WPRO,3190,135395,9,192,,,,,
10/14/2021,SG,Singapore,WPRO,2932,138327,15,207,,,,,
10/15/2021,SG,Singapore,WPRO,3445,141772,8,215,,,,,
10/16/2021,SG,Singapore,WPRO,3348,145120,9,224,,,,,
10/17/2021,SG,Singapore,WPRO,3058,148178,9,233,,,,,
10/18/2021,SG,Singapore,WPRO,2553,150731,6,239,,,,,
10/19/2021,SG,Singapore,WPRO,3994,154725,7,246,,,,,
10/20/2021,SG,Singapore,WPRO,3862,158587,18,264,,,,,
10/21/2021,SG,Singapore,WPRO,3439,162026,16,280,,,,,
10/22/2021,SG,Singapore,WPRO,3637,165663,14,294,,,,,
10/23/2021,SG,Singapore,WPRO,3598,169261,6,300,,,,,
10/24/2021,SG,Singapore,WPRO,3383,172644,15,315,,,,,
10/25/2021,SG,Singapore,WPRO,3174,175818,14,329,,,,,
10/26/2021,SG,Singapore,WPRO,3277,179095,10,339,,,,,
10/27/2021,SG,Singapore,WPRO,5324,184419,10,349,,,,,
10/28/2021,SG,Singapore,WPRO,3432,187851,15,364,,,,,
10/29/2021,SG,Singapore,WPRO,4248,192099,16,380,,,,,
10/30/2021,SG,Singapore,WPRO,3112,195211,14,394,,,,,
10/31/2021,SG,Singapore,WPRO,3163,198374,13,407,,,,,
11/1/2021,SG,Singapore,WPRO,2470,200844,14,421,,,,,
11/2/2021,SG,Singapore,WPRO,3496,204340,9,430,,,,,
11/3/2021,SG,Singapore,WPRO,3635,207975,12,442,,,,,
11/4/2021,SG,Singapore,WPRO,3003,210978,17,459,,,,,
11/5/2021,SG,Singapore,WPRO,1767,212745,9,468,,,,,
11/6/2021,SG,Singapore,WPRO,3035,215780,12,480,,,,,
11/7/2021,SG,Singapore,WPRO,2553,218333,17,497,,,,,
11/8/2021,SG,Singapore,WPRO,2470,220803,14,511,,,,,
11/9/2021,SG,Singapore,WPRO,3397,224200,12,523,,,,,
11/10/2021,SG,Singapore,WPRO,3481,227681,17,540,,,,,
11/11/2021,SG,Singapore,WPRO,2396,230077,8,548,,,,,
11/12/2021,SG,Singapore,WPRO,3099,233176,14,562,,,,,
11/13/2021,SG,Singapore,WPRO,2304,235480,14,576,,,,,
11/14/2021,SG,Singapore,WPRO,1723,237203,10,586,,,,,
11/15/2021,SG,Singapore,WPRO,2069,239272,8,594,,,,,
11/16/2021,SG,Singapore,WPRO,2069,241341,18,612,,,,,
11/17/2021,SG,Singapore,WPRO,3474,244815,7,619,,,,,
11/18/2021,SG,Singapore,WPRO,2038,246853,6,625,,,,,
11/19/2021,SG,Singapore,WPRO,1734,248587,16,641,,,,,
11/20/2021,SG,Singapore,WPRO,1931,250518,13,654,,,,,
11/21/2021,SG,Singapore,WPRO,1670,252188,8,662,,,,,
11/22/2021,SG,Singapore,WPRO,1461,253649,5,667,,,,,
11/23/2021,SG,Singapore,WPRO,1782,255431,5,672,,,,,
11/24/2021,SG,Singapore,WPRO,2079,257510,6,678,,,,,
11/25/2021,SG,Singapore,WPRO,1275,258785,3,681,,,,,
11/26/2021,SG,Singapore,WPRO,1090,259875,3,684,,,,,
11/27/2021,SG,Singapore,WPRO,1761,261636,6,690,,,,,
11/28/2021,SG,Singapore,WPRO,747,262383,11,701,,,,,
11/29/2021,SG,Singapore,WPRO,1103,263486,9,710,,,,,
11/30/2021,SG,Singapore,WPRO,1239,264725,8,718,,,,,
12/1/2021,SG,Singapore,WPRO,1324,266049,8,726,,,,,
12/2/2021,SG,Singapore,WPRO,1101,267150,9,735,,,,,
12/3/2021,SG,Singapore,WPRO,766,267916,9,744,,,,,
12/4/2021,SG,Singapore,WPRO,743,268659,2,746,,,,,
12/5/2021,SG,Singapore,WPRO,552,269211,13,759,,,,,
12/6/2021,SG,Singapore,WPRO,662,269873,4,763,,,,,
12/7/2021,SG,Singapore,WPRO,715,270588,8,771,,,,,
12/8/2021,SG,Singapore,WPRO,709,271297,3,774,,,,,
12/9/2021,SG,Singapore,WPRO,682,271979,5,779,,,,,
12/10/2021,SG,Singapore,WPRO,454,272433,4,783,,,,,
12/11/2021,SG,Singapore,WPRO,559,272992,6,789,,,,,
12/12/2021,SG,Singapore,WPRO,370,273362,5,794,,,,,
12/13/2021,SG,Singapore,WPRO,339,273701,4,798,,,,,
12/14/2021,SG,Singapore,WPRO,442,274143,6,804,,,,,
12/15/2021,SG,Singapore,WPRO,474,274617,3,807,,,,,
12/16/2021,SG,Singapore,WPRO,355,274972,1,808,,,,,
12/17/2021,SG,Singapore,WPRO,412,275384,1,809,,,,,
12/18/2021,SG,Singapore,WPRO,271,275655,1,810,,,,,
12/19/2021,SG,Singapore,WPRO,255,275910,3,813,,,,,
12/20/2021,SG,Singapore,WPRO,195,276105,2,815,,,,,
12/21/2021,SG,Singapore,WPRO,280,276385,2,817,,,,,
12/22/2021,SG,Singapore,WPRO,335,276720,1,818,,,,,
12/23/2021,SG,Singapore,WPRO,322,277042,2,820,,,,,
12/24/2021,SG,Singapore,WPRO,265,277307,0,820,,,,,
12/25/2021,SG,Singapore,WPRO,248,277555,1,821,,,,,
12/26/2021,SG,Singapore,WPRO,209,277764,1,822,,,,,
12/27/2021,SG,Singapore,WPRO,280,278044,3,825,,,,,
12/28/2021,SG,Singapore,WPRO,365,278409,0,825,,,,,
12/29/2021,SG,Singapore,WPRO,341,278750,1,826,,,,,
12/30/2021,SG,Singapore,WPRO,311,279061,1,827,,,,,
12/31/2021,SG,Singapore,WPRO,344,279405,1,828,,,,,
1/1/2022,SG,Singapore,WPRO,456,279861,1,829,,,,,
1/2/2022,SG,Singapore,WPRO,429,280290,0,829,,,,,
1/3/2022,SG,Singapore,WPRO,464,280754,0,829,,,,,
1/4/2022,SG,Singapore,WPRO,842,281596,3,832,,,,,
1/5/2022,SG,Singapore,WPRO,805,282401,2,834,,,,,
1/6/2022,SG,Singapore,WPRO,813,283214,1,835,,,,,
1/7/2022,SG,Singapore,WPRO,777,283991,2,837,,,,,
1/8/2022,SG,Singapore,WPRO,811,284802,0,837,,,,,
1/9/2022,SG,Singapore,WPRO,845,285647,1,838,,,,,
1/10/2022,SG,Singapore,WPRO,750,286397,0,838,,,,,
1/11/2022,SG,Singapore,WPRO,846,287243,0,838,,,,,
1/12/2022,SG,Singapore,WPRO,882,288125,1,839,,,,,
1/13/2022,SG,Singapore,WPRO,960,289085,0,839,,,,,
1/14/2022,SG,Singapore,WPRO,945,290030,1,840,,,,,
1/15/2022,SG,Singapore,WPRO,956,290986,3,843,,,,,
1/16/2022,SG,Singapore,WPRO,863,291849,0,843,,,,,
1/17/2022,SG,Singapore,WPRO,1165,293014,0,843,,,,,
1/18/2022,SG,Singapore,WPRO,1448,294462,0,843,,,,,
1/19/2022,SG,Singapore,WPRO,1615,296077,1,844,,,,,
1/20/2022,SG,Singapore,WPRO,1472,297549,1,845,,,,,
1/21/2022,SG,Singapore,WPRO,10264,307813,1,846,,,,,
1/22/2022,SG,Singapore,WPRO,2463,310276,1,847,,,,,
1/23/2022,SG,Singapore,WPRO,3496,313772,1,848,,,,,
1/24/2022,SG,Singapore,WPRO,3002,316774,0,848,,,,,
1/25/2022,SG,Singapore,WPRO,5996,322770,2,850,,,,,
1/26/2022,SG,Singapore,WPRO,4832,327602,0,850,,,,,
1/27/2022,SG,Singapore,WPRO,5469,333071,0,850,,,,,
1/28/2022,SG,Singapore,WPRO,5554,338625,3,853,,,,,
1/29/2022,SG,Singapore,WPRO,5207,343832,1,854,,,,,
1/30/2022,SG,Singapore,WPRO,4498,348330,0,854,,,,,
1/31/2022,SG,Singapore,WPRO,4481,352811,1,855,,,,,
2/1/2022,SG,Singapore,WPRO,6264,359075,3,858,,,,,
2/2/2022,SG,Singapore,WPRO,3101,362176,1,859,,,,,
2/3/2022,SG,Singapore,WPRO,4297,366473,1,860,,,,,
2/4/2022,SG,Singapore,WPRO,13208,379681,6,866,,,,,
2/5/2022,SG,Singapore,WPRO,10390,390071,2,868,,,,,
2/6/2022,SG,Singapore,WPRO,7752,397823,3,871,,,,,
2/7/2022,SG,Singapore,WPRO,7806,405629,3,874,,,,,
2/8/2022,SG,Singapore,WPRO,13011,418640,3,877,,,,,
2/9/2022,SG,Singapore,WPRO,10314,428954,4,881,,,,,
2/10/2022,SG,Singapore,WPRO,10686,439640,1,882,,,,,
2/11/2022,SG,Singapore,WPRO,9930,449570,3,885,,,,,
2/12/2022,SG,Singapore,WPRO,10505,460075,8,893,,,,,
2/13/2022,SG,Singapore,WPRO,9420,469495,4,897,,,,,
2/14/2022,SG,Singapore,WPRO,9082,478577,9,906,,,,,
2/15/2022,SG,Singapore,WPRO,19420,497997,7,913,,,,,
2/16/2022,SG,Singapore,WPRO,16883,514880,13,926,,,,,
2/17/2022,SG,Singapore,WPRO,18545,533425,4,930,,,,,
2/18/2022,SG,Singapore,WPRO,18094,551519,7,937,,,,,
2/19/2022,SG,Singapore,WPRO,24836,576355,4,941,,,,,
2/20/2022,SG,Singapore,WPRO,6283,582638,4,945,,,,,
2/21/2022,SG,Singapore,WPRO,13623,596261,7,952,,,,,
2/22/2022,SG,Singapore,WPRO,26032,622293,4,956,,,,,
2/23/2022,SG,Singapore,WPRO,20312,642605,7,963,,,,,
2/24/2022,SG,Singapore,WPRO,18593,661198,12,975,,,,,
2/25/2022,SG,Singapore,WPRO,18597,679795,11,986,,,,,
2/26/2022,SG,Singapore,WPRO,16857,696652,13,999,,,,,
2/27/2022,SG,Singapore,WPRO,14228,710880,8,1007,,,,,
2/28/2022,SG,Singapore,WPRO,13544,724424,12,1019,,,,,
3/1/2022,SG,Singapore,WPRO,24080,748504,11,1030,,,,,
3/2/2022,SG,Singapore,WPRO,19159,767663,10,1040,,,,,
3/3/2022,SG,Singapore,WPRO,18162,785825,9,1049,,,,,
3/4/2022,SG,Singapore,WPRO,17564,803389,18,1067,,,,,
3/5/2022,SG,Singapore,WPRO,16274,819663,6,1073,,,,,
3/6/2022,SG,Singapore,WPRO,13158,832821,5,1078,,,,,
3/7/2022,SG,Singapore,WPRO,13520,846341,6,1084,,,,,
3/8/2022,SG,Singapore,WPRO,22201,868542,15,1099,,,,,
3/9/2022,SG,Singapore,WPRO,17051,885593,11,1110,,,,,
3/10/2022,SG,Singapore,WPRO,16165,901758,6,1116,,,,,
3/11/2022,SG,Singapore,WPRO,15345,917103,13,1129,,,,,
3/12/2022,SG,Singapore,WPRO,12632,929735,10,1139,,,,,
3/13/2022,SG,Singapore,WPRO,9701,939436,6,1145,,,,,
3/14/2022,SG,Singapore,WPRO,9042,948478,8,1153,,,,,
3/15/2022,SG,Singapore,WPRO,15851,964329,6,1159,,,,,
3/16/2022,SG,Singapore,WPRO,11278,975607,11,1170,,,,,
3/17/2022,SG,Singapore,WPRO,10713,986320,12,1182,,,,,
3/18/2022,SG,Singapore,WPRO,10594,996914,9,1191,,,,,
3/19/2022,SG,Singapore,WPRO,10244,1007158,3,1194,,,,,
3/20/2022,SG,Singapore,WPRO,7859,1015017,4,1198,,,,,
3/21/2022,SG,Singapore,WPRO,7538,1022555,10,1208,,,,,
3/22/2022,SG,Singapore,WPRO,13166,1035721,6,1214,,,,,
3/23/2022,SG,Singapore,WPRO,8940,1044661,6,1220,,,,,
3/24/2022,SG,Singapore,WPRO,8478,1053139,6,1226,,,,,
3/25/2022,SG,Singapore,WPRO,7584,1060723,13,1239,,,,,
3/26/2022,SG,Singapore,WPRO,6434,1067157,7,1246,,,,,
3/27/2022,SG,Singapore,WPRO,4848,1072005,0,1246,,,,,
3/28/2022,SG,Singapore,WPRO,4925,1076930,4,1250,,,,,
3/29/2022,SG,Singapore,WPRO,8164,1085094,8,1258,,,,,
3/30/2022,SG,Singapore,WPRO,5729,1090823,5,1263,,,,,
3/31/2022,SG,Singapore,WPRO,5605,1096428,5,1268,,,,,
4/1/2022,SG,Singapore,WPRO,5010,1101438,2,1270,,,,,
4/2/2022,SG,Singapore,WPRO,4563,1106001,0,1270,,,,,
4/3/2022,SG,Singapore,WPRO,3743,1109744,4,1274,,,,,
4/4/2022,SG,Singapore,WPRO,3334,1113078,0,1274,,,,,
4/5/2022,SG,Singapore,WPRO,6341,1119419,1,1275,,,,,
4/6/2022,SG,Singapore,WPRO,4467,1123886,12,1287,,,,,
4/7/2022,SG,Singapore,WPRO,4269,1128155,3,1290,,,,,
4/8/2022,SG,Singapore,WPRO,4014,1132169,0,1290,,,,,
4/9/2022,SG,Singapore,WPRO,3259,1135428,2,1292,,,,,
4/10/2022,SG,Singapore,WPRO,2573,1138001,2,1294,,,,,
4/11/2022,SG,Singapore,WPRO,2568,1140569,9,1303,,,,,
4/12/2022,SG,Singapore,WPRO,4552,1145121,4,1307,,,,,
4/13/2022,SG,Singapore,WPRO,3535,1148656,2,1309,,,,,
4/14/2022,SG,Singapore,WPRO,3521,1152177,0,1309,,,,,
4/15/2022,SG,Singapore,WPRO,3404,1155581,1,1310,,,,,
4/16/2022,SG,Singapore,WPRO,1670,1157251,3,1313,,,,,
4/17/2022,SG,Singapore,WPRO,3049,1160300,3,1316,,,,,
4/18/2022,SG,Singapore,WPRO,2480,1162780,0,1316,,,,,
4/19/2022,SG,Singapore,WPRO,4718,1167498,1,1317,,,,,
4/20/2022,SG,Singapore,WPRO,3472,1170970,2,1319,,,,,
4/21/2022,SG,Singapore,WPRO,3420,1174390,3,1322,,,,,
4/22/2022,SG,Singapore,WPRO,3025,1177415,0,1322,,,,,
4/23/2022,SG,Singapore,WPRO,2709,1180124,1,1323,,,,,
4/24/2022,SG,Singapore,WPRO,2044,1182168,2,1325,,,,,
4/25/2022,SG,Singapore,WPRO,2058,1184226,6,1331,,,,,
4/26/2022,SG,Singapore,WPRO,3688,1187914,2,1333,,,,,
4/27/2022,SG,Singapore,WPRO,2646,1190560,1,1334,,,,,
4/28/2022,SG,Singapore,WPRO,2690,1193250,0,1334,,,,,
4/29/2022,SG,Singapore,WPRO,0,1193250,0,1334,,,,,
4/30/2022,SG,Singapore,WPRO,2141,1195391,1,1335,,,,,
5/1/2022,SG,Singapore,WPRO,4249,1199640,1,1336,,,,,
5/2/2022,SG,Singapore,WPRO,1336,1200976,2,1338,,,,,
5/3/2022,SG,Singapore,WPRO,1570,1202546,0,1338,,,,,
5/4/2022,SG,Singapore,WPRO,1638,1204184,2,1340,,,,,
5/5/2022,SG,Singapore,WPRO,4733,1208917,5,1345,,,,,
5/6/2022,SG,Singapore,WPRO,3420,1212337,1,1346,,,,,
5/7/2022,SG,Singapore,WPRO,3162,1215499,4,1350,,,,,
5/8/2022,SG,Singapore,WPRO,2423,1217922,2,1352,,,,,
5/9/2022,SG,Singapore,WPRO,2271,1220193,0,1352,,,,,
5/10/2022,SG,Singapore,WPRO,4831,1225024,4,1356,,,,,
5/11/2022,SG,Singapore,WPRO,3890,1228914,2,1358,,,,,
5/12/2022,SG,Singapore,WPRO,3645,1232559,3,1361,,,,,
5/13/2022,SG,Singapore,WPRO,4291,1236850,1,1362,,,,,
5/14/2022,SG,Singapore,WPRO,3383,1240233,0,1362,,,,,
5/15/2022,SG,Singapore,WPRO,2651,1242884,1,1363,,,,,
5/16/2022,SG,Singapore,WPRO,2123,1245007,3,1366,,,,,
5/17/2022,SG,Singapore,WPRO,2664,1247671,1,1367,,,,,
5/18/2022,SG,Singapore,WPRO,6442,1254113,2,1369,,,,,
5/19/2022,SG,Singapore,WPRO,4578,1258691,2,1371,,,,,
5/20/2022,SG,Singapore,WPRO,4342,1263033,3,1374,,,,,
5/21/2022,SG,Singapore,WPRO,3775,1266808,0,1374,,,,,
5/22/2022,SG,Singapore,WPRO,2827,1269635,1,1375,,,,,
5/23/2022,SG,Singapore,WPRO,2751,1272386,2,1377,,,,,
5/24/2022,SG,Singapore,WPRO,5727,1278113,1,1378,,,,,
5/25/2022,SG,Singapore,WPRO,4167,1282280,2,1380,,,,,
5/26/2022,SG,Singapore,WPRO,3936,1286216,2,1382,,,,,
5/27/2022,SG,Singapore,WPRO,3830,1290046,1,1383,,,,,
5/28/2022,SG,Singapore,WPRO,3323,1293369,0,1383,,,,,
5/29/2022,SG,Singapore,WPRO,2551,1295920,0,1383,,,,,
5/30/2022,SG,Singapore,WPRO,2389,1298309,3,1386,,,,,
5/31/2022,SG,Singapore,WPRO,4985,1303294,3,1389,,,,,
6/1/2022,SG,Singapore,WPRO,3577,1306871,0,1389,,,,,
6/2/2022,SG,Singapore,WPRO,3745,1310616,0,1389,,,,,
6/3/2022,SG,Singapore,WPRO,3233,1313849,0,1389,,,,,
6/4/2022,SG,Singapore,WPRO,2879,1316728,3,1392,,,,,
6/5/2022,SG,Singapore,WPRO,2256,1318984,1,1393,,,,,
6/6/2022,SG,Singapore,WPRO,2162,1321146,0,1393,,,,,
6/7/2022,SG,Singapore,WPRO,4477,1325623,1,1394,,,,,
6/8/2022,SG,Singapore,WPRO,3602,1329225,0,1394,,,,,
6/9/2022,SG,Singapore,WPRO,3431,1332656,2,1396,,,,,
6/10/2022,SG,Singapore,WPRO,0,1332656,1,1397,,,,,
6/11/2022,SG,Singapore,WPRO,6097,1338753,0,1397,,,,,
6/12/2022,SG,Singapore,WPRO,2503,1341256,0,1397,,,,,
6/13/2022,SG,Singapore,WPRO,2389,1343645,1,1398,,,,,
6/14/2022,SG,Singapore,WPRO,5130,1348775,3,1401,,,,,
6/15/2022,SG,Singapore,WPRO,3906,1352681,0,1401,,,,,
6/16/2022,SG,Singapore,WPRO,3120,1355801,0,1401,,,,,
6/17/2022,SG,Singapore,WPRO,8761,1364562,0,1401,,,,,
6/18/2022,SG,Singapore,WPRO,0,1364562,1,1402,,,,,
6/19/2022,SG,Singapore,WPRO,3199,1367761,1,1403,,,,,
6/20/2022,SG,Singapore,WPRO,3220,1370981,2,1405,,,,,
6/21/2022,SG,Singapore,WPRO,7109,1378090,0,1405,,,,,
6/22/2022,SG,Singapore,WPRO,5862,1383952,0,1405,,,,,
6/23/2022,SG,Singapore,WPRO,6606,1390558,3,1408,,,,,
6/24/2022,SG,Singapore,WPRO,7987,1398545,0,1408,,,,,
6/25/2022,SG,Singapore,WPRO,4697,1403242,0,1408,,,,,
6/26/2022,SG,Singapore,WPRO,5116,1408358,0,1408,,,,,
6/27/2022,SG,Singapore,WPRO,5309,1413667,1,1409,,,,,
6/28/2022,SG,Singapore,WPRO,11504,1425171,1,1410,,,,,
6/29/2022,SG,Singapore,WPRO,9392,1434563,1,1411,,,,,
6/30/2022,SG,Singapore,WPRO,9505,1444068,2,1413,,,,,
7/1/2022,SG,Singapore,WPRO,9087,1453155,3,1416,,,,,
7/2/2022,SG,Singapore,WPRO,7952,1461107,0,1416,,,,,
7/3/2022,SG,Singapore,WPRO,0,1461107,2,1418,,,,,
7/4/2022,SG,Singapore,WPRO,6127,1467234,1,1419,,,,,
7/5/2022,SG,Singapore,WPRO,5946,1473180,2,1421,,,,,
7/6/2022,SG,Singapore,WPRO,12784,1485964,2,1423,,,,,
7/7/2022,SG,Singapore,WPRO,9989,1495953,3,1426,,,,,
7/8/2022,SG,Singapore,WPRO,9985,1505938,0,1426,,,,,
7/9/2022,SG,Singapore,WPRO,9284,1515222,2,1428,,,,,
7/10/2022,SG,Singapore,WPRO,8659,1523881,4,1432,,,,,
7/11/2022,SG,Singapore,WPRO,6423,1530304,0,1432,,,,,
7/12/2022,SG,Singapore,WPRO,4495,1534799,5,1437,,,,,
7/13/2022,SG,Singapore,WPRO,5979,1540778,3,1440,,,,,
7/14/2022,SG,Singapore,WPRO,16870,1557648,4,1444,,,,,
7/15/2022,SG,Singapore,WPRO,11772,1569420,1,1445,,,,,
7/16/2022,SG,Singapore,WPRO,12996,1582416,5,1450,,,,,
7/17/2022,SG,Singapore,WPRO,6683,1589099,3,1453,,,,,
7/18/2022,SG,Singapore,WPRO,6947,1596046,4,1457,,,,,
7/19/2022,SG,Singapore,WPRO,6227,1602273,3,1460,,,,,
7/20/2022,SG,Singapore,WPRO,13794,1616067,3,1463,,,,,
7/21/2022,SG,Singapore,WPRO,10293,1626360,3,1466,,,,,
7/22/2022,SG,Singapore,WPRO,9749,1636109,0,1466,,,,,
7/23/2022,SG,Singapore,WPRO,8983,1645092,6,1472,,,,,
7/24/2022,SG,Singapore,WPRO,7889,1652981,4,1476,,,,,
7/25/2022,SG,Singapore,WPRO,6175,1659156,7,1483,,,,,
7/26/2022,SG,Singapore,WPRO,5551,1664707,4,1487,,,,,
7/27/2022,SG,Singapore,WPRO,12419,1677126,3,1490,,,,,
7/28/2022,SG,Singapore,WPRO,8763,1685889,2,1492,,,,,
7/29/2022,SG,Singapore,WPRO,8565,1694454,0,1492,,,,,
7/30/2022,SG,Singapore,WPRO,12999,1707453,5,1497,,,,,
7/31/2022,SG,Singapore,WPRO,1497,1708950,3,1500,,,,,
8/1/2022,SG,Singapore,WPRO,5106,1714056,20,1520,,,,,
8/2/2022,SG,Singapore,WPRO,4709,1718765,4,1524,,,,,
8/3/2022,SG,Singapore,WPRO,10230,1728995,4,1528,,,,,
8/4/2022,SG,Singapore,WPRO,7231,1736226,3,1531,,,,,
8/5/2022,SG,Singapore,WPRO,6648,1742874,0,1531,,,,,
8/6/2022,SG,Singapore,WPRO,0,1742874,5,1536,,,,,
8/7/2022,SG,Singapore,WPRO,11903,1754777,3,1539,,,,,
8/8/2022,SG,Singapore,WPRO,4798,1759575,2,1541,,,,,
8/9/2022,SG,Singapore,WPRO,3541,1763116,1,1542,,,,,
8/10/2022,SG,Singapore,WPRO,7965,1771081,1,1543,,,,,
8/11/2022,SG,Singapore,WPRO,2819,1773900,3,1546,,,,,
8/12/2022,SG,Singapore,WPRO,7262,1781162,6,1552,,,,,
8/13/2022,SG,Singapore,WPRO,5481,1786643,4,1556,,,,,
8/14/2022,SG,Singapore,WPRO,4403,1791046,3,1559,,,,,
8/15/2022,SG,Singapore,WPRO,3023,1794069,1,1560,,,,,
8/16/2022,SG,Singapore,WPRO,2665,1796734,5,1565,,,,,
8/17/2022,SG,Singapore,WPRO,5202,1801936,2,1567,,,,,
8/18/2022,SG,Singapore,WPRO,3762,1805698,5,1572,,,,,
8/19/2022,SG,Singapore,WPRO,3553,1809251,0,1572,,,,,
8/20/2022,SG,Singapore,WPRO,0,1809251,6,1578,,,,,
8/21/2022,SG,Singapore,WPRO,5666,1814917,2,1580,,,,,
8/22/2022,SG,Singapore,WPRO,1951,1816868,4,1584,,,,,
8/23/2022,SG,Singapore,WPRO,1692,1818560,0,1584,,,,,
8/24/2022,SG,Singapore,WPRO,3627,1822187,2,1586,,,,,
8/25/2022,SG,Singapore,WPRO,2645,1824832,1,1587,,,,,
8/26/2022,SG,Singapore,WPRO,2397,1827229,0,1587,,,,,
8/27/2022,SG,Singapore,WPRO,0,1827229,3,1590,,,,,
8/28/2022,SG,Singapore,WPRO,4103,1831332,1,1591,,,,,
8/29/2022,SG,Singapore,WPRO,1448,1832780,0,1591,,,,,
8/30/2022,SG,Singapore,WPRO,1410,1834190,1,1592,,,,,
8/31/2022,SG,Singapore,WPRO,2900,1837090,0,1592,,,,,
9/1/2022,SG,Singapore,WPRO,2154,1839244,1,1593,,,,,
9/2/2022,SG,Singapore,WPRO,2044,1841288,1,1594,,,,,
9/3/2022,SG,Singapore,WPRO,1948,1843236,0,1594,,,,,
9/4/2022,SG,Singapore,WPRO,1549,1844785,0,1594,,,,,
9/5/2022,SG,Singapore,WPRO,1309,1846094,2,1596,,,,,
9/6/2022,SG,Singapore,WPRO,1176,1847270,0,1596,,,,,
9/7/2022,SG,Singapore,WPRO,2745,1850015,5,1601,,,,,
9/8/2022,SG,Singapore,WPRO,2271,1852286,0,1601,,,,,
9/9/2022,SG,Singapore,WPRO,2169,1854455,0,1601,,,,,
9/10/2022,SG,Singapore,WPRO,0,1854455,1,1602,,,,,
9/11/2022,SG,Singapore,WPRO,4042,1858497,0,1602,,,,,
9/12/2022,SG,Singapore,WPRO,1440,1859937,0,1602,,,,,
9/13/2022,SG,Singapore,WPRO,1453,1861390,0,1602,,,,,
9/14/2022,SG,Singapore,WPRO,3352,1864742,2,1604,,,,,
9/15/2022,SG,Singapore,WPRO,2426,1867168,1,1605,,,,,
9/16/2022,SG,Singapore,WPRO,2423,1869591,0,1605,,,,,
9/17/2022,SG,Singapore,WPRO,1969,1871560,0,1605,,,,,
9/18/2022,SG,Singapore,WPRO,1730,1873290,2,1607,,,,,
9/19/2022,SG,Singapore,WPRO,1321,1874611,1,1608,,,,,
9/20/2022,SG,Singapore,WPRO,1973,1876584,1,1609,,,,,
9/21/2022,SG,Singapore,WPRO,3222,1879806,0,1609,,,,,
9/22/2022,SG,Singapore,WPRO,2508,1882314,0,1609,,,,,
9/23/2022,SG,Singapore,WPRO,2545,1884859,0,1609,,,,,
9/24/2022,SG,Singapore,WPRO,0,1884859,1,1610,,,,,
9/25/2022,SG,Singapore,WPRO,4685,1889544,0,1610,,,,,
9/26/2022,SG,Singapore,WPRO,1797,1891341,5,1615,,,,,
9/27/2022,SG,Singapore,WPRO,1606,1892947,2,1617,,,,,
9/28/2022,SG,Singapore,WPRO,4360,1897307,0,1617,,,,,
9/29/2022,SG,Singapore,WPRO,3454,1900761,0,1617,,,,,
9/30/2022,SG,Singapore,WPRO,3341,1904102,0,1617,,,,,
10/1/2022,SG,Singapore,WPRO,0,1904102,2,1619,,,,,
10/2/2022,SG,Singapore,WPRO,7315,1911417,1,1620,,,,,
10/3/2022,SG,Singapore,WPRO,2863,1914280,2,1622,,,,,
10/4/2022,SG,Singapore,WPRO,2713,1916993,2,1624,,,,,
10/5/2022,SG,Singapore,WPRO,7146,1924139,0,1624,,,,,
10/6/2022,SG,Singapore,WPRO,5923,1930062,1,1625,,,,,
10/7/2022,SG,Singapore,WPRO,6208,1936270,0,1625,,,,,
10/8/2022,SG,Singapore,WPRO,0,1936270,4,1629,,,,,
10/9/2022,SG,Singapore,WPRO,12132,1948402,0,1629,,,,,
10/10/2022,SG,Singapore,WPRO,4795,1953197,3,1632,,,,,
10/11/2022,SG,Singapore,WPRO,4719,1957916,2,1634,,,,,
10/12/2022,SG,Singapore,WPRO,11732,1969648,2,1636,,,,,
10/13/2022,SG,Singapore,WPRO,9611,1979259,3,1639,,,,,
10/14/2022,SG,Singapore,WPRO,9501,1988760,0,1639,,,,,
10/15/2022,SG,Singapore,WPRO,0,1988760,2,1641,,,,,
10/16/2022,SG,Singapore,WPRO,17124,2005884,3,1644,,,,,
10/17/2022,SG,Singapore,WPRO,6181,2012065,2,1646,,,,,
10/18/2022,SG,Singapore,WPRO,5196,2017261,5,1651,,,,,
10/19/2022,SG,Singapore,WPRO,11934,2029195,3,1654,,,,,
10/20/2022,SG,Singapore,WPRO,8752,2037947,5,1659,,,,,
10/21/2022,SG,Singapore,WPRO,8176,2046123,0,1659,,,,,
10/22/2022,SG,Singapore,WPRO,0,2046123,1,1660,,,,,
10/23/2022,SG,Singapore,WPRO,13586,2059709,2,1662,,,,,
10/24/2022,SG,Singapore,WPRO,4454,2064163,1,1663,,,,,
10/25/2022,SG,Singapore,WPRO,3627,2067790,3,1666,,,,,
10/26/2022,SG,Singapore,WPRO,2994,2070784,2,1668,,,,,
10/27/2022,SG,Singapore,WPRO,9557,2080341,2,1670,,,,,
10/28/2022,SG,Singapore,WPRO,6247,2086588,0,1670,,,,,
10/29/2022,SG,Singapore,WPRO,5163,2091751,4,1674,,,,,
10/30/2022,SG,Singapore,WPRO,4769,2096520,2,1676,,,,,
10/31/2022,SG,Singapore,WPRO,3240,2099760,4,1680,,,,,
11/1/2022,SG,Singapore,WPRO,0,2099760,0,1680,,,,,
11/2/2022,SG,Singapore,WPRO,8264,2108024,2,1682,,,,,
11/3/2022,SG,Singapore,WPRO,4086,2112110,1,1683,,,,,
11/4/2022,SG,Singapore,WPRO,3511,2115621,0,1683,,,,,
11/5/2022,SG,Singapore,WPRO,0,2115621,3,1686,,,,,
11/6/2022,SG,Singapore,WPRO,5814,2121435,1,1687,,,,,
11/7/2022,SG,Singapore,WPRO,1893,2123328,3,1690,,,,,
11/8/2022,SG,Singapore,WPRO,1676,2125004,1,1691,,,,,
11/9/2022,SG,Singapore,WPRO,3568,2128572,2,1693,,,,,
11/10/2022,SG,Singapore,WPRO,2982,2131554,1,1694,,,,,
11/11/2022,SG,Singapore,WPRO,2765,2134319,0,1694,,,,,
11/12/2022,SG,Singapore,WPRO,2278,2136597,1,1695,,,,,
11/13/2022,SG,Singapore,WPRO,1279,2137876,2,1697,,,,,
11/14/2022,SG,Singapore,WPRO,2223,2140099,0,1697,,,,,
11/15/2022,SG,Singapore,WPRO,1312,2141411,1,1698,,,,,
11/16/2022,SG,Singapore,WPRO,3111,2144522,1,1699,,,,,
11/17/2022,SG,Singapore,WPRO,2184,2146706,1,1700,,,,,
11/18/2022,SG,Singapore,WPRO,2088,2148794,0,1700,,,,,
11/19/2022,SG,Singapore,WPRO,0,2148794,0,1700,,,,,
11/20/2022,SG,Singapore,WPRO,0,2148794,0,1700,,,,,
11/21/2022,SG,Singapore,WPRO,4741,2153535,1,1701,,,,,
11/22/2022,SG,Singapore,WPRO,1098,2154633,0,1701,,,,,
11/23/2022,SG,Singapore,WPRO,2388,2157021,0,1701,,,,,
11/24/2022,SG,Singapore,WPRO,1688,2158709,0,1701,,,,,
11/25/2022,SG,Singapore,WPRO,1615,2160324,0,1701,,,,,
11/26/2022,SG,Singapore,WPRO,958,2161282,1,1702,,,,,
11/27/2022,SG,Singapore,WPRO,1312,2162594,0,1702,,,,,
11/28/2022,SG,Singapore,WPRO,1278,2163872,1,1703,,,,,
11/29/2022,SG,Singapore,WPRO,817,2164689,0,1703,,,,,
11/30/2022,SG,Singapore,WPRO,1838,2166527,0,1703,,,,,
12/1/2022,SG,Singapore,WPRO,1370,2167897,0,1703,,,,,
12/2/2022,SG,Singapore,WPRO,1304,2169201,0,1703,,,,,
12/3/2022,SG,Singapore,WPRO,1165,2170366,2,1705,,,,,
12/4/2022,SG,Singapore,WPRO,1023,2171389,1,1706,,,,,
12/5/2022,SG,Singapore,WPRO,1007,2172396,0,1706,,,,,
12/6/2022,SG,Singapore,WPRO,776,2173172,1,1707,,,,,
12/7/2022,SG,Singapore,WPRO,1817,2174989,0,1707,,,,,
12/8/2022,SG,Singapore,WPRO,1349,2176338,0,1707,,,,,
12/9/2022,SG,Singapore,WPRO,1363,2177701,0,1707,,,,,
12/10/2022,SG,Singapore,WPRO,1023,2178724,0,1707,,,,,
12/11/2022,SG,Singapore,WPRO,1031,2179755,0,1707,,,,,
12/12/2022,SG,Singapore,WPRO,1293,2181048,1,1708,,,,,
12/13/2022,SG,Singapore,WPRO,740,2181788,0,1708,,,,,
12/14/2022,SG,Singapore,WPRO,1817,2183605,1,1709,,,,,
12/15/2022,SG,Singapore,WPRO,1347,2184952,0,1709,,,,,
12/16/2022,SG,Singapore,WPRO,1262,2186214,0,1709,,,,,
12/17/2022,SG,Singapore,WPRO,950,2187164,0,1709,,,,,
12/18/2022,SG,Singapore,WPRO,1245,2188409,1,1710,,,,,
12/19/2022,SG,Singapore,WPRO,940,2189349,0,1710,,,,,
12/20/2022,SG,Singapore,WPRO,708,2190057,0,1710,,,,,
12/21/2022,SG,Singapore,WPRO,1540,2191597,0,1710,,,,,
12/22/2022,SG,Singapore,WPRO,1093,2192690,0,1710,,,,,
12/23/2022,SG,Singapore,WPRO,1200,2193890,0,1710,,,,,
12/24/2022,SG,Singapore,WPRO,0,2193890,1,1711,,,,,
12/25/2022,SG,Singapore,WPRO,0,2193890,0,1711,,,,,
12/26/2022,SG,Singapore,WPRO,0,2193890,0,1711,,,,,
12/27/2022,SG,Singapore,WPRO,3194,2197084,0,1711,,,,,
12/28/2022,SG,Singapore,WPRO,1424,2198508,0,1711,,,,,
12/29/2022,SG,Singapore,WPRO,729,2199237,0,1711,,,,,
12/30/2022,SG,Singapore,WPRO,1116,2200353,0,1711,,,,,
12/31/2022,SG,Singapore,WPRO,1026,2201379,0,1711,,,,,
1/1/2023,SG,Singapore,WPRO,835,2202214,0,1711,,,,,
1/2/2023,SG,Singapore,WPRO,542,2202756,1,1712,,,,,
1/3/2023,SG,Singapore,WPRO,390,2203146,0,1712,,,,,
1/4/2023,SG,Singapore,WPRO,556,2203702,0,1712,,,,,
1/5/2023,SG,Singapore,WPRO,1535,2205237,0,1712,,,,,
1/6/2023,SG,Singapore,WPRO,916,2206153,0,1712,,,,,
1/7/2023,SG,Singapore,WPRO,833,2206986,1,1713,,,,,
1/8/2023,SG,Singapore,WPRO,684,2207670,1,1714,,,,,
1/9/2023,SG,Singapore,WPRO,546,2208216,2,1716,,,,,
1/10/2023,SG,Singapore,WPRO,385,2208601,1,1717,,,,,
1/11/2023,SG,Singapore,WPRO,910,2209511,0,1717,,,,,
1/12/2023,SG,Singapore,WPRO,598,2210109,0,1717,,,,,
1/13/2023,SG,Singapore,WPRO,524,2210633,0,1717,,,,,
1/14/2023,SG,Singapore,WPRO,498,2211131,0,1717,,,,,
1/15/2023,SG,Singapore,WPRO,415,2211546,1,1718,,,,,
1/16/2023,SG,Singapore,WPRO,309,2211855,0,1718,,,,,
1/17/2023,SG,Singapore,WPRO,276,2212131,0,1718,,,,,
1/18/2023,SG,Singapore,WPRO,553,2212684,2,1720,,,,,
1/19/2023,SG,Singapore,WPRO,407,2213091,0,1720,,,,,
1/20/2023,SG,Singapore,WPRO,344,2213435,0,1720,,,,,
1/21/2023,SG,Singapore,WPRO,360,2213795,0,1720,,,,,
1/22/2023,SG,Singapore,WPRO,269,2214064,0,1720,,,,,
1/23/2023,SG,Singapore,WPRO,170,2214234,0,1720,,,,,
1/24/2023,SG,Singapore,WPRO,78,2214312,0,1720,,,,,
1/25/2023,SG,Singapore,WPRO,125,2214437,0,1720,,,,,
1/26/2023,SG,Singapore,WPRO,164,2214601,0,1720,,,,,
1/27/2023,SG,Singapore,WPRO,508,2215109,0,1720,,,,,
1/28/2023,SG,Singapore,WPRO,418,2215527,1,1721,,,,,
1/29/2023,SG,Singapore,WPRO,362,2215889,1,1722,,,,,
1/30/2023,SG,Singapore,WPRO,296,2216185,0,1722,,,,,
1/31/2023,SG,Singapore,WPRO,273,2216458,0,1722,,,,,
2/1/2023,SG,Singapore,WPRO,652,2217110,0,1722,,,,,
2/2/2023,SG,Singapore,WPRO,465,2217575,0,1722,,,,,
2/3/2023,SG,Singapore,WPRO,475,2218050,0,1722,,,,,
2/4/2023,SG,Singapore,WPRO,458,2218508,0,1722,,,,,
2/5/2023,SG,Singapore,WPRO,373,2218881,0,1722,,,,,
2/6/2023,SG,Singapore,WPRO,299,2219180,0,1722,,,,,
2/7/2023,SG,Singapore,WPRO,251,2219431,0,1722,,,,,
2/8/2023,SG,Singapore,WPRO,631,2220062,0,1722,,,,,
2/9/2023,SG,Singapore,WPRO,472,2220534,0,1722,,,,,
2/10/2023,SG,Singapore,WPRO,465,2220999,0,1722,,,,,
2/11/2023,SG,Singapore,WPRO,439,2221438,0,1722,,,,,
2/12/2023,SG,Singapore,WPRO,324,2221762,0,1722,,,,,
